<?xml version="1.0"?>
<doc>
    <assembly>
        <name>CommunicationInterfaces</name>
    </assembly>
    <members>
        <member name="T:CommunicationInterfaces.EthernetInterface">
            <summary>
            The Ethernet version of the interface used for communication
            </summary>
        </member>
        <member name="F:CommunicationInterfaces.EthernetInterface._newlinestring">
            <summary>
            String variable to rember newline character
            </summary>
        </member>
        <member name="F:CommunicationInterfaces.EthernetInterface._Clientsocket">
            <summary>
            The socket and network stream the reader is connected to
            </summary>
        </member>
        <member name="M:CommunicationInterfaces.EthernetInterface.#ctor(System.String,System.Int32)">
            <summary>
            The constructor
            </summary>
            <param name="address">
            The IP address of the reader
            </param>
            <param name="TCPPort">
            The TCP port the reader is communicating on (default is 10,001)
            </param>
            <exception cref="T:System.ArgumentNullException">
            Thrown when the specified <paramref name="address"/>  is  <see langword="null"/>.
            </exception>
            <exception cref="T:System.ArgumentException">
            Thrown when the specified <paramref name="address"/> cannot be parsed into an IP address.
            </exception>
            <exception cref="T:System.ArgumentOutOfRangeException">
            Thrown when the specified <paramref name="TCPPort"/> is outside of the range of valid TCP ports (1-65535).
            </exception>
            <exception cref="T:System.InvalidOperationException">
            Thrown when the socket could not be connected to the IPEndpoint (socket closed or insufficient permissions).
            </exception>
        </member>
        <member name="M:CommunicationInterfaces.EthernetInterface.setBaudRate(System.Int32)">
            <summary>
            The method used to set the baud rate for communicating with the reader (usually set during constructor call)
            </summary>
            <param name="baudRate">
            The baud rate to set
            </param>
            <exception cref="T:System.InvalidOperationException">
            Thrown in case baud rate setting did not work
            </exception>
        </member>
        <member name="M:CommunicationInterfaces.EthernetInterface.setnewline(System.String)">
            <summary>
            Method to set the string that is to be interpreted as newline character
            </summary>
            <param name="newlinestring">
            The string to be set
            </param>
            <exception cref="T:System.ArgumentNullException">
            Thrown when the specified <paramref name="newlinestring"/>  is  <see langword="null"/>.
            </exception>
        </member>
        <member name="M:CommunicationInterfaces.EthernetInterface.send(System.Byte[],System.Int32,System.Int32)">
            <summary>
            Method to write a byte-array to the device (e.g. a binary file)
            </summary>
            <param name="DataBytes">
            The overall byte-array of data
            </param>
            <param name="offset">
            The starting address in the array
            </param>
            <param name="count">
            The number of characters to write
            </param>
        </member>
        <member name="M:CommunicationInterfaces.EthernetInterface.send(System.String)">
            <summary>
            The method used to send data to the reader
            </summary>
            <param name="_outputBuffer">
            The data / command sent to the reader
            </param>
            <exception cref="T:System.ArgumentNullException">
            Thrown when the specified <paramref name="_outputBuffer"/>  is  <see langword="null"/>.
            </exception>
            <exception cref="T:System.InvalidOperationException">
            Thrown when an exception occurs when trying to access the port (e.g. port closed, timeout).
            </exception>
            <exception cref="T:System.ObjectDisposedException">
            Thrown when the underlying function reports a broken stream
            </exception>
        </member>
        <member name="M:CommunicationInterfaces.EthernetInterface.sendRequest(System.String)">
            <summary>
            The method used to send data to the reader automatically including the CRC
            </summary>
            <param name="_outputBuffer">
            The data / command sent to the reader
            </param>
            <exception cref="T:System.ArgumentNullException">
            Thrown when the specified <paramref name="_outputBuffer"/>  is  <see langword="null"/>.
            </exception>
            <exception cref="T:System.InvalidOperationException">
            Thrown when an exception occurs when trying to access the port (e.g. port closed, timeout).
            </exception>
            <exception cref="T:System.ObjectDisposedException">
            Thrown when the underlying function reports a broken stream
            </exception>
        </member>
        <member name="M:CommunicationInterfaces.EthernetInterface.read(System.Int32)">
            <summary>
            Method to read a stream of bytes from device
            </summary>
            <param name="count">
            Number of bytes to read
            </param>
            <returns>
            The bytes read
            </returns>
        </member>
        <member name="M:CommunicationInterfaces.EthernetInterface.read">
            <summary>
            The method used to synchronously read data from the reader
            </summary>
            <returns>
            The string read - without the newline character
            </returns>
            <exception cref="T:System.TimeoutException">
            Thrown when no answer is received for more than 400ms.
            </exception>
            <exception cref="T:System.ObjectDisposedException">
            Thrown when the underlying function reports a broken stream
            </exception>
        </member>
        <member name="M:CommunicationInterfaces.EthernetInterface.readAnswer">
            <summary>
            The method used to read a complete answer from the reader, check it for error messages and crc mismatch
            </summary>
            <returns>
            The answer read - nicely parsed
            </returns>
            <exception cref="T:System.TimeoutException">
            Thrown when no answer is received for more than 400ms.
            </exception>
            <exception cref="T:System.ObjectDisposedException">
            Thrown when the underlying function reports a broken stream
            </exception>
            <exception cref="T:System.InvalidOperationException">
            Thrown when the answer from the reader contained errors
            </exception>
        </member>
        <member name="M:CommunicationInterfaces.EthernetInterface.CloseConnection">
            <summary>
            The method used to close the connection to the reader
            </summary>
        </member>
        <member name="M:CommunicationInterfaces.EthernetInterface._computeCRC(System.String)">
            <summary>
            Method to compute CRC (starting value 0xFFFF, 8408 polynomial)
            </summary>
            <param name="_tocompute">
            The string over which the CRC is to be computed
            </param>
            <returns>
            A string containing the CRC as 4 hex digits
            </returns>
            <exception cref="T:System.ArgumentNullException">
            Thrown when the specified <paramref name="_tocompute"/>  is  <see langword="null"/>.
            </exception>
        </member>
        <member name="M:CommunicationInterfaces.EthernetInterface._checkCRC(System.String)">
            <summary>
            Method to check reader answers for correct CRCs
            </summary>
            <param name="tocheck">
            The string to be checked - contains the CRC as the last 4 characters
            </param>
            <returns>
            True if CRC is correct
            </returns>
        </member>
        <member name="T:CommunicationInterfaces.ICommunicationInterface">
            <summary>
            The common interface definition for different hardware communication options
            </summary>
        </member>
        <member name="M:CommunicationInterfaces.ICommunicationInterface.setBaudRate(System.Int32)">
            <summary>
            The method used to set the baud rate for communicating with the reader (usually set during constructor call)
            </summary>
            <param name="baudRate">
            The baud rate to set
            </param>
            <exception cref="T:System.InvalidOperationException">
            Thrown in case baud rate setting did not work
            </exception>
        </member>
        <member name="M:CommunicationInterfaces.ICommunicationInterface.sendRequest(System.String)">
            <summary>
            The method used to send data to the reader automatically including CRC
            </summary>
            <param name="_outputBuffer">
            The data / command sent to the reader
            </param>
            <exception cref="T:System.ArgumentNullException">
            Thrown when the specified <paramref name="_outputBuffer"/>  is  <see langword="null"/>.
            </exception>
            <exception cref="T:System.InvalidOperationException">
            Thrown when an exception occurs when trying to access the port (e.g. port closed, timeout).
            </exception>
            <exception cref="T:System.ObjectDisposedException">
            Thrown when the underlying function reports a broken stream
            </exception>
        </member>
        <member name="M:CommunicationInterfaces.ICommunicationInterface.readAnswer">
            <summary>
            The method used to read a complete answer from the reader, check it for error messages and crc mismatch
            </summary>
            <returns>
            The string read - without the newline character
            </returns>
            <exception cref="T:System.TimeoutException">
            Thrown when no answer is received for more than 400ms.
            </exception>
            <exception cref="T:System.ObjectDisposedException">
            Thrown when the underlying function reports a broken stream
            </exception>
            <exception cref="T:System.InvalidOperationException">
            Thrown when the answer from the reader contained errors
            </exception>
        </member>
        <member name="M:CommunicationInterfaces.ICommunicationInterface.send(System.Byte[],System.Int32,System.Int32)">
            <summary>
            Method to write a byte-array to the device (e.g. a binary file)
            </summary>
            <param name="DataBytes">
            The overall byte-array of data
            </param>
            <param name="offset">
            The starting address in the array
            </param>
            <param name="count">
            The number of characters to write
            </param>
        </member>
        <member name="M:CommunicationInterfaces.ICommunicationInterface.send(System.String)">
            <summary>
            The method used to send data to the reader
            </summary>
            <param name="_outputBuffer">
            The data / command sent to the reader
            </param>
            <exception cref="T:System.ArgumentNullException">
            Thrown when the specified <paramref name="_outputBuffer"/>  is  <see langword="null"/>.
            </exception>
            <exception cref="T:System.InvalidOperationException">
            Thrown when an exception occurs when trying to access the port (e.g. port closed, timeout).
            </exception>
            <exception cref="T:System.ObjectDisposedException">
            Thrown when the underlying function reports a broken stream
            </exception>
        </member>
        <member name="M:CommunicationInterfaces.ICommunicationInterface.read(System.Int32)">
            <summary>
            Method to read a stream of bytes from device
            </summary>
            <param name="count">
            Number of bytes to read
            </param>
            <returns>
            The bytes read
            </returns>
        </member>
        <member name="M:CommunicationInterfaces.ICommunicationInterface.read">
            <summary>
            The method used to synchronously read data from the reader
            </summary>
            <returns>
            The string read - without the newline character
            </returns>
            <exception cref="T:System.TimeoutException">
            Thrown when no answer is received for more than 400ms.
            </exception>
            <exception cref="T:System.ObjectDisposedException">
            Thrown when the underlying function reports a broken stream
            </exception>
        </member>
        <member name="M:CommunicationInterfaces.ICommunicationInterface.setnewline(System.String)">
            <summary>
            Method to set the string that is to be interpreted as newline character
            </summary>
            <param name="newlinestring">
            The string to be set
            </param>
            <exception cref="T:System.ArgumentNullException">
            Thrown when the specified <paramref name="newlinestring"/>  is  <see langword="null"/>.
            </exception>
        </member>
        <member name="M:CommunicationInterfaces.ICommunicationInterface.CloseConnection">
            <summary>
            The method to close the communication interface
            </summary>
        </member>
        <member name="T:CommunicationInterfaces.Answer">
            <summary>
            The class used for returning (complex, multiline) answers to requests
            </summary>
        </member>
        <member name="M:CommunicationInterfaces.Answer.#ctor">
            <summary>
            The constructor of the class
            </summary>
        </member>
        <member name="F:CommunicationInterfaces.Answer.answerstrings">
            <summary>
            The list of correctly formatted, checked answer strings
            </summary>
        </member>
        <member name="T:CommunicationInterfaces.SerialInterface">
            <summary>
            The Serial / COM version of the interface used for communication
            </summary>
        </member>
        <member name="M:CommunicationInterfaces.SerialInterface.#ctor(System.Int32,System.String)">
            <summary>
            The constructor
            </summary>
            <param name="baudrate">
            The baud rate that the device uses
            </param>
            <param name="COMPort">
            The name of the COM Port that the device is attached to - e.g. "COM5"
            </param>
            <exception cref="T:System.InvalidOperationException">
            Thrown when the  serial port could not be set up (e.g. wrong parameters, insufficient permissions, invalid port state).
            </exception>
        </member>
        <member name="M:CommunicationInterfaces.SerialInterface.setBaudRate(System.Int32)">
            <summary>
            The method used to set the baud rate for communicating with the reader (usually set during constructor call)
            </summary>
            <param name="baudRate">
            The baud rate to set
            </param>
            <exception cref="T:System.InvalidOperationException">
            Thrown in case baud rate setting did not work
            </exception>
        </member>
        <member name="M:CommunicationInterfaces.SerialInterface.setnewline(System.String)">
            <summary>
            Method to set the string that is to be interpreted as newline character
            </summary>
            <param name="newlinestring">
            The string to be set
            </param>
            <exception cref="T:System.ArgumentNullException">
            Thrown when the specified <paramref name="newlinestring"/>  is  <see langword="null"/>.
            </exception>
        </member>
        <member name="M:CommunicationInterfaces.SerialInterface.send(System.Byte[],System.Int32,System.Int32)">
            <summary>
            Method to write a byte-array to the device (e.g. a converted binary file)
            </summary>
            <param name="DataBytes">
            The overall byte-array of data
            </param>
            <param name="offset">
            The starting address in the array
            </param>
            <param name="count">
            The number of characters to write
            </param>
        </member>
        <member name="M:CommunicationInterfaces.SerialInterface.send(System.String)">
            <summary>
            The method used to send data to the reader
            </summary>
            <param name="_outputBuffer">
            The data / command sent to the reader
            </param>
            <exception cref="T:System.ArgumentNullException">
            Thrown when the specified <paramref name="_outputBuffer"/>  is  <see langword="null"/>.
            </exception>
            <exception cref="T:System.InvalidOperationException">
            Thrown when an exception occurs when trying to access the port (e.g. port closed, timeout).
            </exception>
            <exception cref="T:System.ObjectDisposedException">
            Thrown when the underlying function reports a broken stream
            </exception>
        </member>
        <member name="M:CommunicationInterfaces.SerialInterface.sendRequest(System.String)">
            <summary>
            The method used to send data to the reader automatically including CRC
            </summary>
            <param name="_outputBuffer">
            The data / command sent to the reader
            </param>
            <exception cref="T:System.ArgumentNullException">
            Thrown when the specified <paramref name="_outputBuffer"/>  is  <see langword="null"/>.
            </exception>
            <exception cref="T:System.InvalidOperationException">
            Thrown when an exception occurs when trying to access the port (e.g. port closed, timeout).
            </exception>
            <exception cref="T:System.ObjectDisposedException">
            Thrown when the underlying function reports a broken stream
            </exception>
        </member>
        <member name="M:CommunicationInterfaces.SerialInterface.read(System.Int32)">
            <summary>
            Method to read a stream of bytes from device
            </summary>
            <param name="count">
            Number of bytes to read
            </param>
            <returns>
            The bytes read
            </returns>
        </member>
        <member name="M:CommunicationInterfaces.SerialInterface.read">
            <summary>
            The method used to synchronously read data from the reader
            </summary>
            <returns>
            The string read - without the trailing newline character(s)
            </returns>
            <exception cref="T:System.TimeoutException">
            Thrown when no answer is received for more than 400ms.
            </exception>
            <exception cref="T:System.ObjectDisposedException">
            Thrown when the underlying function reports a broken stream
            </exception>
        </member>
        <member name="M:CommunicationInterfaces.SerialInterface.readAnswer">
            <summary>
            The method used to read a complete answer from the reader, check it for error messages and crc mismatch
            </summary>
            <returns>
            The answer read - nicely parsed
            </returns>
            <exception cref="T:System.TimeoutException">
            Thrown when no answer is received for more than 400ms.
            </exception>
            <exception cref="T:System.ObjectDisposedException">
            Thrown when the underlying function reports a broken stream
            </exception>
            <exception cref="T:System.InvalidOperationException">
            Thrown when the answer from the reader contained errors
            </exception>
        </member>
        <member name="M:CommunicationInterfaces.SerialInterface.CloseConnection">
            <summary>
            The method used to close the connection to the reader
            </summary>
        </member>
        <member name="M:CommunicationInterfaces.SerialInterface._computeCRC(System.String)">
            <summary>
            Method to compute CRC (starting value 0xFFFF, 8408 polynomial)
            </summary>
            <param name="_tocompute">
            The string over which the CRC is to be computed
            </param>
            <returns>
            A string containing the CRC as 4 hex digits
            </returns>
            <exception cref="T:System.ArgumentNullException">
            Thrown when the specified <paramref name="_tocompute"/>  is  <see langword="null"/>.
            </exception>
        </member>
        <member name="M:CommunicationInterfaces.SerialInterface._checkCRC(System.String)">
            <summary>
            Method to check reader answers for correct CRCs
            </summary>
            <param name="tocheck">
            The string to be checked - contains the CRC as the last 4 characters
            </param>
            <returns>
            True if CRC is correct
            </returns>
        </member>
        <member name="T:CommunicationInterfaces.USBInterface">
            <summary>
            The USB version of the interface used for communication
            </summary>
        </member>
        <member name="M:CommunicationInterfaces.USBInterface.#ctor(CommunicationInterfaces.USBDevice,System.Int32)">
            <summary>
            The constructor
            </summary>
            <param name="device">
            The device infos of the reader
            </param>
            <param name="baudrate">
            The baud rate the reader uses
            </param>
            <exception cref="T:System.InvalidOperationException">
            Thrown when the  serial port could not be set up (e.g. wrong parameters, insufficient permissions, invalid port state).
            </exception>
        </member>
        <member name="M:CommunicationInterfaces.USBInterface.setBaudRate(System.Int32)">
            <summary>
            The method used to set the baud rate for communicating with the reader (usually set during constructor call)
            </summary>
            <param name="baudRate">
            The baud rate to set
            </param>
            <exception cref="T:System.InvalidOperationException">
            Thrown in case baud rate setting did not work
            </exception>
        </member>
        <member name="M:CommunicationInterfaces.USBInterface.setnewline(System.String)">
            <summary>
            Method to set the string that is to be interpreted as newline character
            </summary>
            <param name="newlinestring">
            The string to be set
            </param>
            <exception cref="T:System.ArgumentNullException">
            Thrown when the specified <paramref name="newlinestring"/>  is  <see langword="null"/>.
            </exception>
        </member>
        <member name="M:CommunicationInterfaces.USBInterface.send(System.Byte[],System.Int32,System.Int32)">
            <summary>
            Method to write a byte-array to the device (e.g. a converted binary file)
            </summary>
            <param name="DataBytes">
            The overall byte-array of data
            </param>
            <param name="offset">
            The starting address in the array
            </param>
            <param name="count">
            The number of characters to write
            </param>
        </member>
        <member name="M:CommunicationInterfaces.USBInterface.send(System.String)">
            <summary>
            The method used to send data to the reader
            </summary>
            <param name="_outputBuffer">
            The data / command sent to the reader
            </param>
            <exception cref="T:System.ArgumentNullException">
            Thrown when the specified <paramref name="_outputBuffer"/>  is  <see langword="null"/>.
            </exception>
            <exception cref="T:System.InvalidOperationException">
            Thrown when an exception occurs when trying to access the port (e.g. port closed, timeout).
            </exception>
            <exception cref="T:System.ObjectDisposedException">
            Thrown when the underlying function reports a broken stream
            </exception>
        </member>
        <member name="M:CommunicationInterfaces.USBInterface.sendRequest(System.String)">
            <summary>
            The method used to send data to the reader automatically including CRC
            </summary>
            <param name="_outputBuffer">
            The data / command sent to the reader
            </param>
            <exception cref="T:System.ArgumentNullException">
            Thrown when the specified <paramref name="_outputBuffer"/>  is  <see langword="null"/>.
            </exception>
            <exception cref="T:System.InvalidOperationException">
            Thrown when an exception occurs when trying to access the port (e.g. port closed, timeout).
            </exception>
            <exception cref="T:System.ObjectDisposedException">
            Thrown when the underlying function reports a broken stream
            </exception>
        </member>
        <member name="M:CommunicationInterfaces.USBInterface.read(System.Int32)">
            <summary>
            Method to read a stream of bytes from device
            </summary>
            <param name="count">
            Number of bytes to read
            </param>
            <returns>
            The bytes read
            </returns>
        </member>
        <member name="M:CommunicationInterfaces.USBInterface.read">
            <summary>
            The method used to synchronously read data from the reader
            </summary>
            <returns>
            The string read - without the trailing newline character(s)
            </returns>
            <exception cref="T:System.TimeoutException">
            Thrown when no answer is received for more than 400ms.
            </exception>
            <exception cref="T:System.ObjectDisposedException">
            Thrown when the underlying function reports a broken stream
            </exception>
        </member>
        <member name="M:CommunicationInterfaces.USBInterface.readAnswer">
            <summary>
            The method used to read a complete answer from the reader, check it for error messages and crc mismatch
            </summary>
            <returns>
            The answer read - nicely parsed
            </returns>
            <exception cref="T:System.TimeoutException">
            Thrown when no answer is received for more than 400ms.
            </exception>
            <exception cref="T:System.ObjectDisposedException">
            Thrown when the underlying function reports a broken stream
            </exception>
            <exception cref="T:System.InvalidOperationException">
            Thrown when the answer from the reader contained errors
            </exception>
        </member>
        <member name="M:CommunicationInterfaces.USBInterface.CloseConnection">
            <summary>
            The method used to close the connection to the reader
            </summary>
        </member>
        <member name="M:CommunicationInterfaces.USBInterface._computeCRC(System.String)">
            <summary>
            Method to compute CRC (starting value 0xFFFF, 8408 polynomial)
            </summary>
            <param name="_tocompute">
            The string over which the CRC is to be computed
            </param>
            <returns>
            A string containing the CRC as 4 hex digits
            </returns>
            <exception cref="T:System.ArgumentNullException">
            Thrown when the specified <paramref name="_tocompute"/>  is  <see langword="null"/>.
            </exception>
        </member>
        <member name="M:CommunicationInterfaces.USBInterface._checkCRC(System.String)">
            <summary>
            Method to check reader answers for correct CRCs
            </summary>
            <param name="tocheck">
            The string to be checked - contains the CRC as the last 4 characters
            </param>
            <returns>
            True if CRC is correct
            </returns>
        </member>
        <member name="T:CommunicationInterfaces.USBDevice">
            <summary>
            The USB device class used to store data on the USB Port used for communication in case the reader is connected via USB
            </summary>
        </member>
        <member name="F:CommunicationInterfaces.USBDevice.Description">
            <summary>
            Device description string
            </summary>
        </member>
        <member name="F:CommunicationInterfaces.USBDevice.SerialNumber">
            <summary>
            Device Serial Number string
            </summary>
        </member>
        <member name="F:CommunicationInterfaces.USBDevice.ID">
            <summary>
            USB device ID
            </summary>
        </member>
        <member name="F:CommunicationInterfaces.USBDevice.LocID">
            <summary>
            USB device Location ID
            </summary>
        </member>
        <member name="M:CommunicationInterfaces.USBDevice.#ctor(System.String,System.Int64,System.Int64,System.String)">
            <summary>
            The contructor of the USBDevice class
            </summary>
            <param name="description">
            Parameter to pass device description string
            </param>
            <param name="id">
            Parameter to pass the device ID
            </param>
            <param name="locID">
            Parameter to pass the device location ID
            </param>
            <param name="serialnumber">
            Parameter to pass the device serialnumber
            </param>
        </member>
        <member name="T:CommunicationInterfaces.USBDeviceFinder">
            <summary>
            Class to use for finding any metraTec Devices attached to the computer
            </summary>
        </member>
        <member name="M:CommunicationInterfaces.USBDeviceFinder.#ctor">
            <summary>
            The constructor of the class
            </summary>
        </member>
        <member name="M:CommunicationInterfaces.USBDeviceFinder.FindUSBDevices">
            <summary>
            The method to use for automatic metraTec device search on the computer
            </summary>
            <returns>
            A list of USBDevices from metraTec that are connected to the computer
            </returns>
            <exception cref="T:System.InvalidOperationException">
            Thrown in case errors are encountered when searching for devices
            </exception>
        </member>
    </members>
</doc>
