<?xml version="1.0" encoding="UTF-8"?>
<SettingProgram>
  <display>
    <fonts>
      <buttonMenu>
        <color>000000</color>
        <font>SansSerif</font>
        <size>18</size>
        <style>1</style>
      </buttonMenu>
      <button>
        <color>000000</color>
        <font>SansSerif</font>
        <size>12</size>
        <style>1</style>
      </button>
      <headline>
        <color>000000</color>
        <font>SansSerif</font>
        <size>16</size>
        <style>1</style>
      </headline>
      <tableheadline>
        <color>000000</color>
        <font>SansSerif</font>
        <size>14</size>
        <style>1</style>
      </tableheadline>
      <tabletext>
        <color>000000</color>
        <font>SansSerif</font>
        <size>12</size>
        <style>1</style>
      </tabletext>
      <label>
        <color>000000</color>
        <font>SansSerif</font>
        <size>13</size>
        <style>1</style>
      </label>
      <text>
        <color>000000</color>
        <font>SansSerif</font>
        <size>12</size>
        <style>1</style>
      </text>
      <information>
        <color>000000</color>
        <font>SansSerif</font>
        <size>12</size>
        <style>0</style>
      </information>
      <error>
        <color>880000</color>
        <font>SansSerif</font>
        <size>14</size>
        <style>3</style>
      </error>
      <connected>
        <color>008800</color>
        <font>SansSerif</font>
        <size>12</size>
        <style>1</style>
      </connected>
      <disconnected>
        <color>880000</color>
        <font>SansSerif</font>
        <size>12</size>
        <style>1</style>
      </disconnected>
    </fonts>
  </display>
  <program>
  	<debug>true</debug>
  	<language commant="available: german,english">german</language>
  	<fullscreen comment="use fullsreen(true) or not(false)">false</fullscreen>
  	<width comment="width if no fullscreen">500</width>
    <height comment="height if no fullscreen">500</height>
  </program>
</SettingProgram>

